"","Survived","Pclass","Sex","Age","Fare","Embarked"
"1",1,1,"female",35,512.3292,"C"
"2",1,1,"male",36,512.3292,"C"
"3",1,1,"male",35,512.3292,"C"
"4",0,1,"male",19,263,"S"
"5",1,1,"female",23,263,"S"
"6",1,1,"female",24,263,"S"
"7",0,1,"male",64,263,"S"
"8",1,1,"female",18,262.375,"C"
"9",1,1,"female",21,262.375,"C"
"10",0,1,"male",24,247.5208,"C"
"11",1,1,"female",50,247.5208,"C"
"12",1,1,"female",42,227.525,"C"
"13",0,1,"male",NA,227.525,"C"
"14",1,1,"female",18,227.525,"C"
"15",1,1,"female",38,227.525,"C"
"16",0,1,"male",NA,221.7792,"S"
"17",0,1,"male",27,211.5,"C"
"18",1,1,"female",15,211.3375,"S"
"19",1,1,"female",29,211.3375,"S"
"20",1,1,"female",43,211.3375,"S"
"21",1,1,"female",31,164.8667,"S"
"22",1,1,"female",45,164.8667,"S"
"23",1,1,"female",58,153.4625,"S"
"24",0,1,"male",38,153.4625,"S"
"25",1,1,"female",40,153.4625,"S"
"26",0,1,"female",2,151.55,"S"
"27",1,1,"male",0.92,151.55,"S"
"28",0,1,"female",25,151.55,"S"
"29",1,1,"female",22,151.55,"S"
"30",1,1,"female",NA,146.5208,"C"
"31",1,1,"female",58,146.5208,"C"
"32",1,1,"female",35,135.6333,"S"
"33",1,1,"female",36,135.6333,"C"
"34",0,1,"male",22,135.6333,"C"
"35",1,1,"female",40,134.5,"C"
"36",1,1,"female",41,134.5,"C"
"37",1,1,"female",NA,133.65,"S"
"38",1,1,"male",50,133.65,"S"
"39",1,1,"male",36,120,"S"
"40",1,1,"female",14,120,"S"
"41",1,1,"female",36,120,"S"
"42",1,1,"male",11,120,"S"
"43",1,1,"female",31,113.275,"C"
"44",1,1,"female",23,113.275,"C"
"45",0,1,"male",58,113.275,"C"
"46",1,1,"female",NA,110.8833,"C"
"47",1,1,"male",17,110.8833,"C"
"48",1,1,"female",39,110.8833,"C"
"49",0,1,"male",49,110.8833,"C"
"50",1,1,"female",17,108.9,"C"
"51",0,1,"male",18,108.9,"C"
"52",1,1,"female",30,106.425,"C"
"53",0,1,"male",50,106.425,"C"
"54",1,1,"female",30,93.5,"S"
"55",1,1,"female",52,93.5,"S"
"56",1,1,"female",19,91.0792,"C"
"57",1,1,"male",25,91.0792,"C"
"58",1,1,"male",38,90,"S"
"59",0,1,"male",44,90,"Q"
"60",1,1,"female",33,90,"Q"
"61",1,1,"female",35,90,"S"
"62",1,1,"male",49,89.1042,"C"
"63",1,1,"female",NA,89.1042,"C"
"64",1,1,"female",30,86.5,"S"
"65",1,1,"female",16,86.5,"S"
"66",1,1,"female",33,86.5,"S"
"67",0,1,"male",45,83.475,"S"
"68",1,1,"female",35,83.475,"S"
"69",1,1,"female",24,83.1583,"C"
"70",1,1,"female",39,83.1583,"C"
"71",1,1,"female",56,83.1583,"C"
"72",0,1,"male",28,82.1708,"C"
"73",1,1,"female",NA,82.1708,"C"
"74",1,1,"male",4,81.8583,"S"
"75",1,1,"female",38,80,""
"76",1,1,"female",62,80,""
"77",0,1,"male",52,79.65,"S"
"78",1,1,"female",39,79.65,"S"
"79",1,1,"female",18,79.65,"S"
"80",0,1,"male",24,79.2,"C"
"81",1,1,"female",NA,79.2,"C"
"82",1,1,"male",60,79.2,"C"
"83",0,1,"male",46,79.2,"C"
"84",1,1,"female",26,78.85,"S"
"85",0,1,"male",36,78.85,"S"
"86",1,1,"female",54,78.2667,"C"
"87",1,1,"female",52,78.2667,"C"
"88",1,1,"female",63,77.9583,"S"
"89",1,1,"female",21,77.9583,"S"
"90",1,1,"female",51,77.9583,"S"
"91",0,1,"male",21,77.2875,"S"
"92",0,1,"male",54,77.2875,"S"
"93",1,1,"female",49,76.7292,"C"
"94",1,1,"male",48,76.7292,"C"
"95",1,1,"male",27,76.7292,"C"
"96",1,1,"female",32,76.2917,"C"
"97",1,1,"female",60,75.25,"C"
"98",0,2,"male",21,73.5,"S"
"99",0,2,"male",21,73.5,"S"
"100",0,2,"male",18,73.5,"S"
"101",0,2,"male",24,73.5,"S"
"102",0,2,"male",32,73.5,"S"
"103",1,1,"female",38,71.2833,"C"
"104",1,1,"female",36,71,"S"
"105",0,1,"male",70,71,"S"
"106",0,3,"male",NA,69.55,"S"
"107",0,3,"female",NA,69.55,"S"
"108",0,3,"male",NA,69.55,"S"
"109",0,3,"male",NA,69.55,"S"
"110",0,3,"female",NA,69.55,"S"
"111",0,3,"male",NA,69.55,"S"
"112",0,3,"female",NA,69.55,"S"
"113",1,1,"female",24,69.3,"C"
"114",1,1,"female",24,69.3,"C"
"115",1,1,"female",22,66.6,"S"
"116",0,1,"male",29,66.6,"S"
"117",1,2,"female",24,65,"S"
"118",1,2,"female",48,65,"S"
"119",1,1,"male",23,63.3583,"C"
"120",0,1,"male",65,61.9792,"C"
"121",0,1,"male",51,61.3792,"C"
"122",0,1,"male",46,61.175,"S"
"123",1,1,"female",54,59.4,"C"
"124",1,1,"female",16,57.9792,"C"
"125",1,1,"female",44,57.9792,"C"
"126",1,1,"male",31,57,"S"
"127",1,1,"female",17,57,"S"
"128",1,1,"female",30,56.9292,"C"
"129",1,1,"male",49,56.9292,"C"
"130",1,3,"male",32,56.4958,"S"
"131",0,3,"male",28,56.4958,"S"
"132",1,3,"male",26,56.4958,"S"
"133",1,3,"male",NA,56.4958,"S"
"134",1,3,"male",NA,56.4958,"S"
"135",0,3,"male",NA,56.4958,"S"
"136",1,3,"male",32,56.4958,"S"
"137",0,1,"male",50,55.9,"S"
"138",1,1,"female",39,55.9,"S"
"139",1,1,"male",25,55.4417,"C"
"140",1,1,"female",NA,55,"S"
"141",1,1,"female",22,55,"S"
"142",1,1,"female",35,53.1,"S"
"143",0,1,"male",37,53.1,"S"
"144",1,1,"male",27,53.1,"S"
"145",0,1,"male",19,53.1,"S"
"146",1,1,"female",33,53.1,"S"
"147",1,1,"male",37,52.5542,"S"
"148",1,1,"male",42,52.5542,"S"
"149",1,1,"female",47,52.5542,"S"
"150",0,1,"male",42,52,"S"
"151",0,1,"male",47,52,"S"
"152",1,1,"female",35,52,"S"
"153",0,1,"male",NA,52,"S"
"154",1,1,"female",NA,52,"S"
"155",0,1,"male",31,52,"S"
"156",1,1,"male",48,52,"S"
"157",0,1,"male",54,51.8625,"S"
"158",1,1,"female",NA,51.8625,"S"
"159",1,1,"female",53,51.4792,"S"
"160",0,1,"male",31,50.4958,"S"
"161",0,1,"male",NA,50,"S"
"162",0,1,"male",71,49.5042,"C"
"163",1,1,"female",24,49.5042,"C"
"164",1,1,"female",22,49.5,"C"
"165",0,1,"male",28,47.1,"S"
"166",0,3,"male",11,46.9,"S"
"167",0,3,"female",16,46.9,"S"
"168",0,3,"male",1,46.9,"S"
"169",0,3,"male",9,46.9,"S"
"170",0,3,"female",43,46.9,"S"
"171",0,3,"male",14,46.9,"S"
"172",0,1,"male",NA,42.4,"S"
"173",1,2,"female",3,41.5792,"C"
"174",1,2,"female",22,41.5792,"C"
"175",0,2,"male",25,41.5792,"C"
"176",0,1,"male",36,40.125,"C"
"177",0,3,"male",7,39.6875,"S"
"178",0,3,"male",1,39.6875,"S"
"179",0,3,"male",16,39.6875,"S"
"180",0,3,"female",41,39.6875,"S"
"181",0,3,"male",14,39.6875,"S"
"182",0,3,"male",2,39.6875,"S"
"183",1,1,"female",48,39.6,"C"
"184",0,1,"male",NA,39.6,"C"
"185",1,1,"female",16,39.4,"S"
"186",1,2,"male",1,39,"S"
"187",1,2,"female",4,39,"S"
"188",1,2,"female",40,39,"S"
"189",0,2,"male",60,39,"S"
"190",0,1,"male",47,38.5,"S"
"191",0,2,"male",31,37.0042,"C"
"192",1,2,"male",1,37.0042,"C"
"193",0,2,"male",19,36.75,"S"
"194",1,2,"male",8,36.75,"S"
"195",1,1,"male",28,35.5,"S"
"196",1,1,"male",NA,35.5,"S"
"197",0,1,"male",45,35.5,"S"
"198",1,1,"male",56,35.5,"C"
"199",0,1,"male",NA,35,"S"
"200",0,1,"male",71,34.6542,"C"
"201",0,3,"male",16,34.375,"S"
"202",0,3,"female",9,34.375,"S"
"203",0,3,"female",21,34.375,"S"
"204",0,3,"female",48,34.375,"S"
"205",0,1,"male",47,34.0208,"S"
"206",0,1,"male",61,33.5,"S"
"207",1,2,"female",NA,33,"S"
"208",1,2,"female",6,33,"S"
"209",0,2,"male",28,33,"S"
"210",1,2,"female",34,32.5,"S"
"211",0,1,"male",61,32.3208,"S"
"212",1,3,"female",38,31.3875,"S"
"213",0,3,"male",9,31.3875,"S"
"214",1,3,"female",5,31.3875,"S"
"215",1,3,"male",3,31.3875,"S"
"216",0,3,"male",39,31.275,"S"
"217",0,3,"female",2,31.275,"S"
"218",0,3,"female",9,31.275,"S"
"219",0,3,"female",11,31.275,"S"
"220",0,3,"female",39,31.275,"S"
"221",0,3,"female",6,31.275,"S"
"222",0,3,"male",4,31.275,"S"
"223",1,1,"male",40,31,"C"
"224",0,1,"male",NA,31,"S"
"225",1,1,"female",30,31,"C"
"226",0,1,"male",56,30.6958,"C"
"227",0,1,"male",NA,30.6958,"C"
"228",1,1,"male",NA,30.5,"S"
"229",1,1,"male",52,30.5,"S"
"230",0,1,"male",55,30.5,"S"
"231",1,1,"male",27,30.5,"S"
"232",1,1,"male",32,30.5,"C"
"233",1,2,"female",14,30.0708,"C"
"234",0,2,"male",32.5,30.0708,"C"
"235",1,2,"female",25,30,"S"
"236",1,1,"male",80,30,"S"
"237",1,1,"male",NA,30,"S"
"238",0,1,"male",29,30,"S"
"239",1,1,"female",19,30,"S"
"240",1,1,"male",26,30,"C"
"241",0,1,"male",37,29.7,"C"
"242",0,1,"male",58,29.7,"C"
"243",1,1,"male",NA,29.7,"C"
"244",0,3,"male",2,29.125,"Q"
"245",0,3,"male",4,29.125,"Q"
"246",0,3,"male",7,29.125,"Q"
"247",0,3,"male",8,29.125,"Q"
"248",0,3,"female",39,29.125,"Q"
"249",1,2,"male",0.83,29,"S"
"250",1,2,"female",22,29,"S"
"251",0,1,"female",50,28.7125,"C"
"252",0,1,"male",45.5,28.5,"S"
"253",0,3,"male",4,27.9,"S"
"254",0,3,"female",45,27.9,"S"
"255",0,3,"male",40,27.9,"S"
"256",0,3,"female",9,27.9,"S"
"257",0,3,"female",2,27.9,"S"
"258",0,3,"male",10,27.9,"S"
"259",1,2,"female",5,27.75,"S"
"260",0,2,"male",36,27.75,"S"
"261",0,1,"male",30,27.75,"C"
"262",1,2,"female",33,27.75,"S"
"263",0,1,"male",40,27.7208,"C"
"264",0,1,"male",NA,27.7208,"C"
"265",1,1,"female",44,27.7208,"C"
"266",0,1,"male",NA,27.7208,"C"
"267",0,2,"male",29,27.7208,"C"
"268",0,2,"male",42,27,"S"
"269",1,2,"female",24,27,"S"
"270",1,1,"female",58,26.55,"S"
"271",1,1,"male",45,26.55,"S"
"272",0,1,"male",62,26.55,"S"
"273",1,1,"male",28,26.55,"S"
"274",1,1,"male",34,26.55,"S"
"275",0,1,"male",65,26.55,"S"
"276",1,1,"male",48,26.55,"S"
"277",0,1,"male",56,26.55,"S"
"278",1,1,"male",NA,26.55,"S"
"279",0,1,"male",45,26.55,"S"
"280",0,1,"male",62,26.55,"S"
"281",1,1,"male",35,26.55,"C"
"282",0,1,"male",60,26.55,"S"
"283",0,1,"male",NA,26.55,"S"
"284",1,1,"male",51,26.55,"S"
"285",1,1,"male",36,26.3875,"S"
"286",1,1,"male",36,26.2875,"S"
"287",1,1,"male",35,26.2875,"S"
"288",1,1,"male",42,26.2875,"S"
"289",1,1,"female",19,26.2833,"S"
"290",1,2,"female",8,26.25,"S"
"291",0,2,"male",43,26.25,"S"
"292",1,2,"female",45,26.25,"S"
"293",1,2,"female",7,26.25,"S"
"294",0,2,"male",31,26.25,"S"
"295",1,2,"female",31,26.25,"S"
"296",0,2,"male",35,26,"S"
"297",1,2,"female",29,26,"S"
"298",0,2,"male",34,26,"S"
"299",1,2,"female",29,26,"S"
"300",0,2,"male",36.5,26,"S"
"301",1,2,"male",3,26,"S"
"302",0,2,"male",44,26,"S"
"303",0,2,"male",54,26,"S"
"304",1,2,"female",50,26,"S"
"305",0,1,"male",NA,26,"S"
"306",0,2,"female",26,26,"S"
"307",1,2,"female",24,26,"S"
"308",1,2,"male",2,26,"S"
"309",0,2,"male",46,26,"S"
"310",1,2,"female",28,26,"S"
"311",1,2,"female",19,26,"S"
"312",1,2,"female",42,26,"S"
"313",1,2,"female",33,26,"S"
"314",1,2,"female",36,26,"S"
"315",1,2,"female",2,26,"S"
"316",1,2,"male",32,26,"S"
"317",0,1,"male",64,26,"S"
"318",1,2,"female",19,26,"S"
"319",0,2,"male",27,26,"S"
"320",0,2,"male",54,26,"S"
"321",0,2,"male",37,26,"S"
"322",0,2,"male",39,26,"S"
"323",0,2,"male",25,26,"S"
"324",0,2,"male",16,26,"S"
"325",0,2,"female",44,26,"S"
"326",1,2,"female",25,26,"S"
"327",1,1,"female",49,25.9292,"S"
"328",1,1,"female",48,25.9292,"S"
"329",0,1,"male",NA,25.925,"S"
"330",0,1,"male",47,25.5875,"S"
"331",0,3,"male",NA,25.4667,"S"
"332",0,3,"female",NA,25.4667,"S"
"333",0,3,"female",NA,25.4667,"S"
"334",0,3,"female",NA,25.4667,"S"
"335",1,3,"female",NA,24.15,"Q"
"336",0,3,"female",10,24.15,"S"
"337",0,3,"male",NA,24.15,"Q"
"338",0,3,"male",24,24.15,"S"
"339",0,3,"male",36,24.15,"S"
"340",0,3,"male",NA,24.15,"Q"
"341",0,3,"female",30,24.15,"S"
"342",0,3,"male",39,24.15,"S"
"343",0,2,"male",30,24,"C"
"344",1,2,"female",28,24,"C"
"345",0,3,"male",NA,23.45,"S"
"346",0,3,"female",NA,23.45,"S"
"347",1,3,"male",NA,23.25,"Q"
"348",1,3,"female",NA,23.25,"Q"
"349",1,2,"female",34,23,"S"
"350",1,2,"female",18,23,"S"
"351",1,2,"female",4,23,"S"
"352",1,2,"female",54,23,"S"
"353",0,3,"male",28,22.525,"S"
"354",1,3,"female",NA,22.3583,"C"
"355",1,3,"female",NA,22.3583,"C"
"356",1,3,"female",4,22.025,"S"
"357",0,3,"male",NA,21.6792,"C"
"358",0,3,"male",2,21.075,"S"
"359",0,3,"female",8,21.075,"S"
"360",0,3,"female",3,21.075,"S"
"361",0,3,"female",29,21.075,"S"
"362",0,2,"female",27,21,"S"
"363",0,2,"male",29,21,"S"
"364",1,2,"female",35,21,"S"
"365",0,2,"male",34,21,"S"
"366",0,2,"male",34,21,"S"
"367",1,2,"female",30,21,"S"
"368",0,3,"male",26,20.575,"S"
"369",1,3,"male",1,20.575,"S"
"370",1,3,"male",9,20.525,"S"
"371",1,3,"female",31,20.525,"S"
"372",0,3,"male",33,20.525,"S"
"373",1,3,"female",35,20.25,"S"
"374",0,3,"male",16,20.25,"S"
"375",0,3,"female",41,20.2125,"S"
"376",0,3,"male",18,20.2125,"S"
"377",0,3,"male",NA,19.9667,"S"
"378",0,3,"male",NA,19.9667,"S"
"379",1,2,"female",41,19.5,"S"
"380",1,2,"female",13,19.5,"S"
"381",1,3,"female",5,19.2583,"C"
"382",1,3,"female",0.75,19.2583,"C"
"383",1,3,"female",0.75,19.2583,"C"
"384",1,3,"female",24,19.2583,"C"
"385",1,3,"male",26,18.7875,"C"
"386",0,3,"male",11,18.7875,"C"
"387",1,2,"male",3,18.75,"S"
"388",1,2,"female",24,18.75,"S"
"389",1,2,"male",0.83,18.75,"S"
"390",0,3,"female",31,18,"S"
"391",0,3,"female",18,18,"S"
"392",0,3,"male",16,18,"S"
"393",0,3,"female",18,17.8,"S"
"394",0,3,"male",25,17.8,"S"
"395",1,3,"female",36,17.4,"S"
"396",1,3,"female",4,16.7,"S"
"397",1,3,"female",24,16.7,"S"
"398",0,3,"male",44,16.1,"S"
"399",0,3,"male",30,16.1,"S"
"400",1,3,"female",NA,16.1,"S"
"401",1,3,"female",NA,16.1,"S"
"402",0,3,"female",26,16.1,"S"
"403",0,3,"male",21,16.1,"S"
"404",0,3,"male",NA,16.1,"S"
"405",0,3,"male",28.5,16.1,"S"
"406",0,3,"male",24,16.1,"S"
"407",1,2,"female",55,16,"S"
"408",1,3,"male",3,15.9,"S"
"409",1,3,"male",9,15.9,"S"
"410",1,3,"female",33,15.85,"S"
"411",1,3,"female",24,15.85,"S"
"412",0,3,"male",32,15.85,"S"
"413",0,3,"male",28,15.85,"S"
"414",1,2,"female",40,15.75,"S"
"415",1,3,"female",1,15.7417,"C"
"416",1,3,"male",20,15.7417,"C"
"417",0,3,"male",36,15.55,"S"
"418",0,3,"male",NA,15.5,"Q"
"419",1,3,"female",NA,15.5,"Q"
"420",0,3,"male",40,15.5,"Q"
"421",1,3,"female",NA,15.5,"Q"
"422",0,3,"male",NA,15.5,"Q"
"423",1,3,"female",NA,15.5,"Q"
"424",0,3,"female",32,15.5,"Q"
"425",0,3,"male",NA,15.5,"Q"
"426",1,3,"male",NA,15.2458,"C"
"427",0,3,"female",NA,15.2458,"C"
"428",1,3,"female",29,15.2458,"C"
"429",1,3,"male",NA,15.2458,"C"
"430",0,3,"female",9,15.2458,"C"
"431",0,3,"male",NA,15.1,"S"
"432",0,2,"male",NA,15.05,"C"
"433",0,2,"male",23,15.0458,"C"
"434",0,2,"male",47,15,"S"
"435",0,3,"female",47,14.5,"S"
"436",0,3,"male",40.5,14.5,"S"
"437",1,2,"female",24,14.5,"S"
"438",0,3,"male",NA,14.5,"S"
"439",0,3,"male",19,14.5,"S"
"440",1,2,"male",0.67,14.5,"S"
"441",0,3,"male",NA,14.5,"S"
"442",0,3,"female",17,14.4583,"C"
"443",0,3,"male",NA,14.4583,"C"
"444",0,3,"female",NA,14.4583,"C"
"445",0,3,"male",26,14.4542,"C"
"446",0,3,"female",14.5,14.4542,"C"
"447",0,3,"female",NA,14.4542,"C"
"448",0,3,"female",45,14.4542,"C"
"449",0,3,"male",27,14.4542,"C"
"450",0,3,"female",18,14.4542,"C"
"451",1,3,"female",15,14.4542,"C"
"452",0,3,"female",28,14.4,"S"
"453",0,3,"male",34,14.4,"S"
"454",0,3,"male",41,14.1083,"S"
"455",0,2,"male",54,14,"S"
"456",1,2,"male",NA,13.8625,"C"
"457",1,2,"female",27,13.8583,"C"
"458",1,2,"female",23,13.7917,"C"
"459",0,2,"male",59,13.5,"S"
"460",0,2,"male",28,13.5,"S"
"461",0,2,"male",52,13.5,"S"
"462",1,2,"female",45,13.5,"S"
"463",1,3,"female",4,13.4167,"C"
"464",1,2,"male",NA,13,"S"
"465",1,2,"male",34,13,"S"
"466",1,2,"female",32.5,13,"S"
"467",0,2,"male",25,13,"S"
"468",0,2,"male",42,13,"S"
"469",0,2,"male",30,13,"S"
"470",1,2,"female",32,13,"S"
"471",0,2,"male",19,13,"S"
"472",0,2,"female",24,13,"S"
"473",0,2,"male",30,13,"S"
"474",0,2,"male",27,13,"S"
"475",0,2,"male",18,13,"S"
"476",1,2,"male",42,13,"S"
"477",1,2,"female",36,13,"S"
"478",0,2,"male",28,13,"S"
"479",0,2,"male",25,13,"S"
"480",0,2,"male",36,13,"S"
"481",1,2,"female",24,13,"S"
"482",1,2,"female",40,13,"S"
"483",0,2,"female",38,13,"S"
"484",1,2,"female",36,13,"S"
"485",1,2,"female",18,13,"S"
"486",0,2,"male",30,13,"S"
"487",1,2,"female",28,13,"S"
"488",0,2,"male",48,13,"S"
"489",1,2,"female",34,13,"S"
"490",1,2,"female",28,13,"S"
"491",0,2,"male",23,13,"S"
"492",0,2,"male",25,13,"S"
"493",1,2,"male",31,13,"S"
"494",0,2,"male",52,13,"S"
"495",0,2,"male",34,13,"S"
"496",0,2,"male",50,13,"S"
"497",0,2,"male",23,13,"S"
"498",0,2,"male",23,13,"S"
"499",1,2,"female",30,13,"S"
"500",0,2,"male",39,13,"S"
"501",0,2,"male",34,13,"S"
"502",0,2,"male",39,13,"S"
"503",0,2,"male",24,13,"S"
"504",1,2,"female",42,13,"S"
"505",0,2,"male",27,13,"S"
"506",0,2,"male",36,12.875,"C"
"507",1,2,"female",28,12.65,"S"
"508",0,2,"male",51,12.525,"S"
"509",1,3,"female",30,12.475,"S"
"510",1,3,"male",6,12.475,"S"
"511",1,3,"female",5,12.475,"S"
"512",1,3,"female",27,12.475,"S"
"513",1,2,"female",NA,12.35,"Q"
"514",1,2,"female",30,12.35,"Q"
"515",0,2,"male",57,12.35,"Q"
"516",1,3,"female",2,12.2875,"S"
"517",0,2,"male",33,12.275,"S"
"518",1,2,"female",17,12,"C"
"519",0,2,"male",18,11.5,"S"
"520",0,2,"male",23,11.5,"S"
"521",0,2,"male",18,11.5,"S"
"522",0,2,"male",21,11.5,"S"
"523",1,3,"female",14,11.2417,"C"
"524",1,3,"male",12,11.2417,"C"
"525",1,3,"female",27,11.1333,"S"
"526",1,3,"female",1,11.1333,"S"
"527",1,3,"male",4,11.1333,"S"
"528",0,3,"female",22,10.5167,"S"
"529",0,2,"male",66,10.5,"S"
"530",1,2,"female",21,10.5,"S"
"531",1,2,"female",29,10.5,"S"
"532",0,2,"male",32,10.5,"S"
"533",1,2,"female",17,10.5,"S"
"534",0,2,"male",30,10.5,"S"
"535",1,2,"male",19,10.5,"S"
"536",0,2,"male",24,10.5,"S"
"537",0,2,"male",19,10.5,"S"
"538",0,2,"male",29,10.5,"S"
"539",0,2,"male",36,10.5,"S"
"540",0,2,"male",23,10.5,"S"
"541",0,2,"male",31,10.5,"S"
"542",1,2,"female",50,10.5,"S"
"543",1,2,"female",34,10.5,"S"
"544",1,2,"female",50,10.5,"S"
"545",1,2,"male",62,10.5,"S"
"546",0,2,"male",26,10.5,"S"
"547",0,2,"male",70,10.5,"S"
"548",1,2,"female",27,10.5,"S"
"549",0,2,"female",57,10.5,"S"
"550",0,2,"male",35,10.5,"S"
"551",0,2,"male",16,10.5,"S"
"552",0,2,"male",28,10.5,"S"
"553",0,3,"female",2,10.4625,"S"
"554",0,3,"female",29,10.4625,"S"
"555",0,3,"male",19,10.1708,"S"
"556",0,3,"male",20,9.8458,"S"
"557",1,3,"female",18,9.8417,"S"
"558",0,3,"female",22,9.8375,"S"
"559",0,3,"female",20,9.825,"S"
"560",0,3,"female",21,9.825,"S"
"561",1,3,"female",63,9.5875,"S"
"562",0,3,"female",37,9.5875,"S"
"563",1,3,"male",29,9.5,"S"
"564",0,3,"male",28,9.5,"S"
"565",0,3,"male",16,9.5,"S"
"566",1,3,"male",30,9.5,"S"
"567",0,3,"male",28,9.5,"S"
"568",0,3,"male",20,9.5,"S"
"569",0,3,"male",33,9.5,"S"
"570",0,3,"male",24,9.5,"S"
"571",0,3,"male",NA,9.5,"S"
"572",0,3,"male",29,9.4833,"S"
"573",0,3,"female",40,9.475,"S"
"574",0,3,"male",22,9.35,"S"
"575",1,3,"female",18,9.35,"S"
"576",0,3,"male",23,9.225,"S"
"577",0,3,"male",20,9.225,"S"
"578",0,3,"male",16,9.2167,"S"
"579",0,3,"male",22,9,"S"
"580",0,3,"male",47,9,"S"
"581",0,3,"female",24,8.85,"S"
"582",0,3,"male",NA,8.7125,"C"
"583",1,3,"female",31,8.6833,"S"
"584",0,3,"male",26,8.6625,"S"
"585",0,3,"male",NA,8.6625,"S"
"586",0,3,"male",17,8.6625,"S"
"587",0,3,"male",33,8.6625,"C"
"588",0,3,"male",42,8.6625,"S"
"589",0,3,"female",20,8.6625,"S"
"590",0,3,"male",38,8.6625,"S"
"591",0,3,"male",17,8.6625,"S"
"592",0,3,"female",30,8.6625,"S"
"593",0,3,"male",20,8.6625,"S"
"594",1,3,"male",27,8.6625,"S"
"595",0,3,"male",21,8.6625,"S"
"596",0,3,"male",17,8.6625,"S"
"597",0,3,"male",33,8.6542,"S"
"598",1,3,"male",0.42,8.5167,"C"
"599",0,3,"male",NA,8.4583,"Q"
"600",0,3,"male",21,8.4333,"S"
"601",0,3,"male",42,8.4042,"S"
"602",0,3,"male",32,8.3625,"S"
"603",0,3,"male",18,8.3,"S"
"604",0,3,"male",19,8.1583,"S"
"605",0,3,"female",NA,8.1375,"Q"
"606",1,3,"male",NA,8.1125,"S"
"607",0,3,"male",35,8.05,"S"
"608",0,3,"male",20,8.05,"S"
"609",0,3,"male",21,8.05,"S"
"610",0,3,"male",NA,8.05,"S"
"611",0,3,"male",NA,8.05,"S"
"612",0,3,"male",NA,8.05,"S"
"613",0,3,"male",24,8.05,"S"
"614",0,3,"male",29,8.05,"S"
"615",0,3,"male",NA,8.05,"S"
"616",0,3,"male",22,8.05,"S"
"617",0,3,"male",NA,8.05,"S"
"618",0,3,"male",55.5,8.05,"S"
"619",0,3,"male",30,8.05,"S"
"620",1,3,"male",18,8.05,"S"
"621",1,3,"male",16,8.05,"S"
"622",0,3,"male",51,8.05,"S"
"623",1,3,"male",19,8.05,"S"
"624",0,3,"male",NA,8.05,"S"
"625",1,3,"male",45,8.05,"S"
"626",0,3,"male",19,8.05,"S"
"627",0,3,"male",26,8.05,"S"
"628",0,3,"female",NA,8.05,"S"
"629",1,3,"male",32,8.05,"S"
"630",0,3,"male",NA,8.05,"S"
"631",0,3,"male",34,8.05,"S"
"632",0,3,"male",NA,8.05,"S"
"633",0,3,"male",50,8.05,"S"
"634",0,3,"male",30,8.05,"S"
"635",0,3,"male",21,8.05,"S"
"636",0,3,"male",NA,8.05,"S"
"637",0,3,"male",NA,8.05,"S"
"638",0,3,"female",NA,8.05,"S"
"639",0,3,"male",16,8.05,"S"
"640",0,3,"male",22,8.05,"S"
"641",0,3,"male",NA,8.05,"S"
"642",0,3,"male",44,8.05,"S"
"643",0,3,"male",35,8.05,"S"
"644",0,3,"male",43,8.05,"S"
"645",0,3,"male",24.5,8.05,"S"
"646",0,3,"male",44,8.05,"S"
"647",0,3,"male",34,8.05,"S"
"648",0,3,"male",30.5,8.05,"S"
"649",0,3,"male",NA,8.05,"S"
"650",1,3,"female",15,8.0292,"Q"
"651",1,3,"female",26,7.925,"S"
"652",1,3,"female",17,7.925,"S"
"653",0,3,"male",37,7.925,"S"
"654",0,3,"male",21,7.925,"S"
"655",0,3,"male",21,7.925,"S"
"656",1,3,"female",27,7.925,"S"
"657",0,3,"male",32,7.925,"S"
"658",0,3,"male",28,7.925,"S"
"659",1,3,"male",39,7.925,"S"
"660",1,3,"male",44,7.925,"S"
"661",0,3,"male",39,7.925,"S"
"662",1,3,"male",32,7.925,"S"
"663",0,3,"male",32,7.925,"S"
"664",1,3,"male",20,7.925,"S"
"665",0,3,"female",25,7.925,"S"
"666",1,3,"male",31,7.925,"S"
"667",0,3,"female",23,7.925,"S"
"668",0,3,"male",20,7.925,"S"
"669",0,3,"male",NA,7.8958,"S"
"670",0,3,"male",NA,7.8958,"C"
"671",0,3,"male",NA,7.8958,"S"
"672",0,3,"female",28,7.8958,"S"
"673",0,3,"male",NA,7.8958,"S"
"674",0,3,"male",28,7.8958,"S"
"675",0,3,"male",38,7.8958,"S"
"676",0,3,"male",33,7.8958,"C"
"677",0,3,"male",36,7.8958,"S"
"678",0,3,"male",NA,7.8958,"S"
"679",0,3,"male",22,7.8958,"S"
"680",0,3,"male",24,7.8958,"S"
"681",0,3,"male",28,7.8958,"S"
"682",0,3,"male",27,7.8958,"S"
"683",0,3,"male",NA,7.8958,"S"
"684",0,3,"male",NA,7.8958,"S"
"685",0,3,"male",NA,7.8958,"S"
"686",0,3,"male",NA,7.8958,"C"
"687",1,3,"male",29,7.8958,"C"
"688",0,3,"male",32,7.8958,"S"
"689",0,3,"male",22,7.8958,"S"
"690",0,3,"male",40,7.8958,"S"
"691",0,3,"male",19,7.8958,"S"
"692",0,3,"male",NA,7.8958,"S"
"693",0,3,"male",30,7.8958,"S"
"694",0,3,"male",26,7.8958,"S"
"695",0,3,"male",19,7.8958,"S"
"696",0,3,"male",NA,7.8958,"S"
"697",0,3,"male",NA,7.8958,"S"
"698",0,3,"male",NA,7.8958,"S"
"699",0,3,"male",NA,7.8958,"S"
"700",0,3,"male",23,7.8958,"S"
"701",0,3,"male",25,7.8958,"S"
"702",0,3,"male",35,7.8958,"C"
"703",0,3,"male",26,7.8958,"S"
"704",0,3,"male",19,7.8958,"S"
"705",0,3,"male",NA,7.8958,"S"
"706",0,3,"male",33,7.8958,"S"
"707",0,3,"male",26,7.8875,"S"
"708",1,3,"female",NA,7.8792,"Q"
"709",1,3,"female",19,7.8792,"Q"
"710",1,3,"female",NA,7.8792,"Q"
"711",1,3,"female",NA,7.8792,"Q"
"712",0,3,"male",29,7.875,"S"
"713",0,3,"female",14,7.8542,"S"
"714",0,3,"male",20,7.8542,"S"
"715",0,3,"male",18,7.8542,"S"
"716",1,3,"female",19,7.8542,"S"
"717",0,3,"male",28,7.8542,"S"
"718",1,3,"female",26,7.8542,"S"
"719",0,3,"female",31,7.8542,"S"
"720",1,3,"male",32,7.8542,"S"
"721",0,3,"male",21,7.8542,"S"
"722",0,3,"male",20,7.8542,"S"
"723",0,3,"male",26,7.8542,"S"
"724",0,3,"male",48,7.8542,"S"
"725",0,3,"male",23,7.8542,"S"
"726",0,3,"male",NA,7.8292,"Q"
"727",1,3,"female",NA,7.8292,"Q"
"728",0,3,"male",21,7.8,"S"
"729",1,3,"male",27,7.7958,"S"
"730",1,3,"male",21,7.7958,"S"
"731",0,3,"male",22,7.7958,"S"
"732",0,3,"male",24,7.7958,"S"
"733",0,3,"male",18,7.7958,"S"
"734",0,3,"male",28,7.7958,"S"
"735",1,3,"female",NA,7.7875,"Q"
"736",1,3,"male",NA,7.775,"S"
"737",0,3,"male",26,7.775,"S"
"738",0,3,"male",29,7.775,"S"
"739",0,3,"female",25,7.775,"S"
"740",1,3,"male",25,7.775,"S"
"741",0,3,"male",19,7.775,"S"
"742",0,3,"male",21,7.775,"S"
"743",0,3,"male",25,7.775,"S"
"744",1,3,"female",22,7.775,"S"
"745",0,3,"male",NA,7.775,"S"
"746",0,3,"male",18,7.775,"S"
"747",0,3,"male",33,7.775,"S"
"748",0,3,"male",16,7.775,"S"
"749",0,3,"male",31,7.775,"S"
"750",0,3,"female",18,7.775,"S"
"751",0,3,"male",74,7.775,"S"
"752",1,3,"female",NA,7.75,"Q"
"753",1,3,"female",NA,7.75,"Q"
"754",0,3,"male",70.5,7.75,"Q"
"755",0,3,"male",NA,7.75,"Q"
"756",1,3,"female",22,7.75,"S"
"757",0,3,"male",NA,7.75,"Q"
"758",1,3,"female",NA,7.75,"Q"
"759",1,3,"female",16,7.75,"Q"
"760",0,3,"male",NA,7.75,"Q"
"761",0,3,"male",NA,7.75,"Q"
"762",0,3,"female",NA,7.75,"Q"
"763",1,3,"female",NA,7.75,"Q"
"764",0,3,"female",45,7.75,"S"
"765",0,3,"male",65,7.75,"Q"
"766",1,3,"female",22,7.75,"Q"
"767",1,3,"female",NA,7.75,"Q"
"768",1,3,"female",NA,7.75,"Q"
"769",0,3,"male",51,7.75,"S"
"770",0,3,"male",NA,7.75,"Q"
"771",0,3,"male",NA,7.75,"Q"
"772",0,3,"female",21,7.75,"Q"
"773",1,3,"male",29,7.75,"Q"
"774",0,3,"male",40.5,7.75,"Q"
"775",0,3,"male",NA,7.75,"Q"
"776",1,3,"female",NA,7.75,"Q"
"777",0,3,"female",NA,7.75,"Q"
"778",0,3,"male",NA,7.75,"Q"
"779",0,3,"male",31,7.75,"Q"
"780",0,3,"female",30.5,7.75,"Q"
"781",0,3,"male",18,7.75,"S"
"782",0,3,"male",NA,7.75,"Q"
"783",0,3,"male",NA,7.75,"Q"
"784",1,3,"male",NA,7.75,"Q"
"785",0,3,"male",32,7.75,"Q"
"786",0,3,"male",25,7.7417,"Q"
"787",1,3,"female",NA,7.7375,"Q"
"788",0,3,"male",NA,7.7375,"Q"
"789",1,3,"female",16,7.7333,"Q"
"790",0,3,"male",21,7.7333,"Q"
"791",0,3,"male",NA,7.7333,"Q"
"792",1,3,"female",NA,7.7333,"Q"
"793",0,3,"male",NA,7.7292,"Q"
"794",0,3,"male",NA,7.725,"Q"
"795",0,3,"male",25,7.65,"S"
"796",1,3,"female",21,7.65,"S"
"797",0,3,"male",42,7.65,"S"
"798",0,3,"male",19,7.65,"S"
"799",0,3,"female",NA,7.6292,"Q"
"800",0,3,"female",NA,7.55,"S"
"801",0,3,"male",NA,7.55,"S"
"802",1,3,"female",23,7.55,"S"
"803",0,3,"male",42,7.55,"S"
"804",0,3,"male",22,7.5208,"S"
"805",0,3,"male",24,7.4958,"S"
"806",0,3,"male",36,7.4958,"S"
"807",1,3,"female",18,7.4958,"S"
"808",0,3,"male",NA,7.3125,"S"
"809",0,3,"male",22,7.25,"S"
"810",0,3,"male",59,7.25,"S"
"811",0,3,"male",22,7.25,"S"
"812",0,3,"male",20.5,7.25,"S"
"813",0,3,"male",NA,7.25,"S"
"814",0,3,"male",22,7.25,"S"
"815",0,3,"male",30,7.25,"S"
"816",1,3,"female",22,7.25,"S"
"817",0,3,"male",NA,7.25,"S"
"818",0,3,"male",NA,7.25,"S"
"819",0,3,"male",21,7.25,"S"
"820",0,3,"male",47,7.25,"S"
"821",0,3,"male",25,7.25,"S"
"822",1,3,"male",NA,7.2292,"C"
"823",0,3,"male",28.5,7.2292,"C"
"824",0,3,"male",22,7.2292,"C"
"825",0,3,"male",23.5,7.2292,"C"
"826",0,3,"male",15,7.2292,"C"
"827",1,3,"female",NA,7.2292,"C"
"828",0,3,"male",NA,7.2292,"C"
"829",0,3,"male",NA,7.2292,"C"
"830",0,3,"male",17,7.2292,"C"
"831",0,3,"male",NA,7.2292,"C"
"832",1,3,"male",20,7.2292,"C"
"833",1,3,"female",13,7.2292,"C"
"834",0,3,"male",30,7.2292,"C"
"835",0,3,"male",NA,7.2292,"C"
"836",0,3,"male",NA,7.2292,"C"
"837",1,3,"female",NA,7.225,"C"
"838",0,3,"male",NA,7.225,"C"
"839",0,3,"male",45.5,7.225,"C"
"840",0,3,"male",30,7.225,"C"
"841",0,3,"male",NA,7.225,"C"
"842",0,3,"male",NA,7.225,"C"
"843",1,3,"male",22,7.225,"C"
"844",0,3,"male",NA,7.225,"C"
"845",0,3,"male",40,7.225,"C"
"846",0,3,"male",25,7.225,"C"
"847",0,3,"male",NA,7.225,"C"
"848",1,3,"female",15,7.225,"C"
"849",1,3,"male",24,7.1417,"S"
"850",0,3,"male",22,7.125,"S"
"851",0,3,"male",17,7.125,"S"
"852",0,3,"male",35,7.125,"S"
"853",0,3,"male",41,7.125,"S"
"854",0,3,"male",51,7.0542,"S"
"855",0,3,"male",17,7.0542,"S"
"856",0,3,"male",20,7.05,"S"
"857",0,3,"male",24,7.05,"S"
"858",0,3,"male",35,7.05,"S"
"859",0,3,"male",38,7.05,"S"
"860",0,3,"male",NA,7.05,"S"
"861",0,3,"male",25,7.05,"S"
"862",0,3,"male",25,7.05,"S"
"863",0,3,"male",29,7.0458,"S"
"864",0,3,"male",45,6.975,"S"
"865",1,3,"male",27,6.975,"S"
"866",0,3,"male",NA,6.95,"Q"
"867",0,3,"male",NA,6.8583,"Q"
"868",0,3,"male",19,6.75,"Q"
"869",0,3,"female",18,6.75,"Q"
"870",0,3,"male",34,6.4958,"S"
"871",0,3,"male",18,6.4958,"S"
"872",0,3,"male",43,6.45,"S"
"873",0,3,"male",34.5,6.4375,"C"
"874",0,3,"male",61,6.2375,"S"
"875",0,1,"male",33,5,"S"
"876",0,3,"male",20,4.0125,"C"
"877",0,3,"male",36,0,"S"
"878",0,1,"male",40,0,"S"
"879",1,3,"male",25,0,"S"
"880",0,2,"male",NA,0,"S"
"881",0,3,"male",19,0,"S"
"882",0,2,"male",NA,0,"S"
"883",0,2,"male",NA,0,"S"
"884",0,2,"male",NA,0,"S"
"885",0,3,"male",49,0,"S"
"886",0,1,"male",NA,0,"S"
"887",0,2,"male",NA,0,"S"
"888",0,2,"male",NA,0,"S"
"889",0,1,"male",39,0,"S"
"890",0,1,"male",NA,0,"S"
"891",0,1,"male",38,0,"S"
